"","V1"
"file_select","co2_aac_surface-insitu_60_allhours.nc"
"file_select","co2_abp_surface-flask_1_representative.nc"
"file_select","co2_abt_surface-insitu_6_allvalid.nc"
"file_select","co2_acr_surface-insitu_60_allhours.nc"
"file_select","co2_acv_surface-insitu_60_allhours.nc"
"file_select","co2_alt_surface-insitu_6_allvalid.nc"
"file_select","co2_ame_surface-insitu_60_allhours.nc"
"file_select","co2_ams_surface-insitu_11_representative.nc"
"file_select","co2_amt_surface-pfp_1_allvalid.nc"
"file_select","co2_amy_surface-flask_1_representative.nc"
"file_select","co2_aoz_surface-insitu_60_allhours.nc"
"file_select","co2_ara_surface-flask_2_representative.nc"
"file_select","co2_asc_surface-flask_1_representative.nc"
"file_select","co2_ask_surface-flask_1_representative.nc"
"file_select","co2_azr_surface-flask_1_representative.nc"
"file_select","co2_bal_surface-flask_1_representative.nc"
"file_select","co2_bao_surface-pfp_1_allvalid.nc"
"file_select","co2_bck_surface-insitu_6_allvalid.nc"
"file_select","co2_bcs_surface-flask_426_representative.nc"
"file_select","co2_bgu_surface-flask_11_representative.nc"
"file_select","co2_bhd_surface-flask_426_representative.nc"
"file_select","co2_bir_surface-insitu_56_allvalid.nc"
"file_select","co2_bkt_surface-flask_1_representative.nc"
"file_select","co2_bme_surface-flask_1_representative.nc"
"file_select","co2_bmw_surface-flask_1_representative.nc"
"file_select","co2_bra_surface-insitu_6_allvalid.nc"
"file_select","co2_brm_tower-insitu_49_allvalid-212magl.nc"
"file_select","co2_brw_surface-insitu_1_allvalid.nc"
"file_select","co2_bsc_surface-flask_1_representative.nc"
"file_select","co2_cba_surface-flask_4_representative.nc"
"file_select","co2_cby_surface-insitu_6_allvalid.nc"
"file_select","co2_cdl_surface-insitu_6_allvalid.nc"
"file_select","co2_ces_tower-insitu_52_allvalid-200magl.nc"
"file_select","co2_cfa_surface-flask_2_representative.nc"
"file_select","co2_cgo_surface-flask_4_representative.nc"
"file_select","co2_chl_surface-insitu_6_allvalid.nc"
"file_select","co2_chm_surface-insitu_6_allvalid.nc"
"file_select","co2_chr_surface-flask_426_representative.nc"
"file_select","co2_cib_surface-flask_1_representative.nc"
"file_select","co2_cit_surface-insitu_115_allhours-200magl.nc"
"file_select","co2_cop_tower-insitu_59_allhours.nc"
"file_select","co2_cps_surface-insitu_6_allvalid.nc"
"file_select","co2_cpt_surface-flask_1_representative.nc"
"file_select","co2_cri_surface-flask_2_representative.nc"
"file_select","co2_crv_surface-pfp_1_allvalid.nc"
"file_select","co2_crz_surface-flask_1_representative.nc"
"file_select","co2_cya_surface-flask_2_representative.nc"
"file_select","co2_dec_surface-insitu_431_allvalid.nc"
"file_select","co2_drp_shipboard-flask_1_representative.nc"
"file_select","co2_dsi_surface-flask_1_representative.nc"
"file_select","co2_dvv_tower-insitu_60_allvalid.nc"
"file_select","co2_eec_surface-insitu_431_allvalid.nc"
"file_select","co2_egb_surface-insitu_6_allvalid.nc"
"file_select","co2_eic_surface-flask_1_representative.nc"
"file_select","co2_ell_surface-flask_431_representative.nc"
"file_select","co2_ena_surface-insitu_64_allvalid-10magl.nc"
"file_select","co2_esp_surface-insitu_6_allvalid.nc"
"file_select","co2_est_surface-insitu_6_allvalid.nc"
"file_select","co2_etl_surface-insitu_6_allvalid.nc"
"file_select","co2_fik_surface-flask_11_representative.nc"
"file_select","co2_fne_surface-insitu_6_allvalid.nc"
"file_select","co2_fpk_surface-insitu_60_allhours.nc"
"file_select","co2_fsd_surface-insitu_6_allvalid.nc"
"file_select","co2_gat_surface-insitu_425_allvalid.nc"
"file_select","co2_gci01_tower-insitu_60_allvalid.nc"
"file_select","co2_gci02_tower-insitu_60_allvalid.nc"
"file_select","co2_gci03_tower-insitu_60_allvalid.nc"
"file_select","co2_gci04_tower-insitu_60_allvalid.nc"
"file_select","co2_gci05_tower-insitu_60_allvalid.nc"
"file_select","co2_gic_surface-insitu_431_allvalid.nc"
"file_select","co2_gmi_surface-flask_1_representative.nc"
"file_select","co2_gpa_surface-flask_2_representative.nc"
"file_select","co2_hba_surface-flask_1_representative.nc"
"file_select","co2_hdp_surface-insitu_3_nonlocal.nc"
"file_select","co2_hei_surface-insitu_22_allvalid.nc"
"file_select","co2_hfm_tower-insitu_59_allhours.nc"
"file_select","co2_hnp_surface-insitu_6_allvalid.nc"
"file_select","co2_hpb_surface-insitu_425_allvalid.nc"
"file_select","co2_hsu_surface-flask_1_representative.nc"
"file_select","co2_htm_tower-insitu_424_allvalid-150magl.nc"
"file_select","co2_hun_surface-flask_1_representative.nc"
"file_select","co2_ice_surface-flask_1_representative.nc"
"file_select","co2_inu_surface-insitu_6_allvalid.nc"
"file_select","co2_inx01_surface-insitu_60_allhours.nc"
"file_select","co2_inx02_surface-insitu_60_allhours.nc"
"file_select","co2_inx03_surface-insitu_60_allhours.nc"
"file_select","co2_inx04_surface-insitu_60_allhours.nc"
"file_select","co2_inx05_surface-insitu_60_allhours.nc"
"file_select","co2_inx07_surface-insitu_60_allhours.nc"
"file_select","co2_inx09_surface-insitu_60_allhours.nc"
"file_select","co2_inx10_surface-insitu_60_allhours.nc"
"file_select","co2_inx12_surface-insitu_60_allhours.nc"
"file_select","co2_inx_surface-pfp_1_allvalid.nc"
"file_select","co2_izo_surface-insitu_27_allvalid.nc"
"file_select","co2_jfj_surface-insitu_49_allvalid.nc"
"file_select","co2_kas_surface-insitu_53_allvalid.nc"
"file_select","co2_kcmp_tower-insitu_102_allhours-200magl.nc"
"file_select","co2_key_surface-flask_1_representative.nc"
"file_select","co2_kum_surface-flask_426_representative.nc"
"file_select","co2_kzd_surface-flask_1_representative.nc"
"file_select","co2_kzm_surface-flask_1_representative.nc"
"file_select","co2_lef_surface-pfp_1_allvalid.nc"
"file_select","co2_lew_surface-pfp_1_allvalid.nc"
"file_select","co2_lin_surface-insitu_425_allvalid.nc"
"file_select","co2_ljo_surface-flask_426_representative.nc"
"file_select","co2_llb_surface-insitu_6_allvalid.nc"
"file_select","co2_lln_surface-flask_1_representative.nc"
"file_select","co2_lmp_surface-flask_1_representative.nc"
"file_select","co2_lmu_surface-insitu_431_allvalid.nc"
"file_select","co2_lut_surface-insitu_44_allvalid.nc"
"file_select","co2_maa_surface-flask_2_representative.nc"
"file_select","co2_mbo_surface-pfp_1_allvalid.nc"
"file_select","co2_mex_surface-flask_1_representative.nc"
"file_select","co2_mhd_surface-insitu_11_representative.nc"
"file_select","co2_mid_surface-flask_1_representative.nc"
"file_select","co2_mkn_surface-flask_1_representative.nc"
"file_select","co2_mlo_surface-insitu_1_allvalid.nc"
"file_select","co2_mnm_surface-insitu_19_representative.nc"
"file_select","co2_mqa_surface-flask_2_representative.nc"
"file_select","co2_mrc_surface-pfp_1_allvalid.nc"
"file_select","co2_msh_surface-pfp_1_allvalid.nc"
"file_select","co2_mvy_surface-insitu_1_allvalid.nc"
"file_select","co2_mwo_surface-pfp_1_allvalid.nc"
"file_select","co2_nat_surface-flask_1_representative.nc"
"file_select","co2_nmb_surface-flask_1_representative.nc"
"file_select","co2_nor_tower-insitu_424_allvalid-101magl.nc"
"file_select","co2_nwr_surface-pfp_1_allvalid.nc"
"file_select","co2_obn_surface-flask_1_representative.nc"
"file_select","co2_ofr_surface-insitu_68_allhours.nc"
"file_select","co2_oli_surface-insitu_64_allvalid-10magl.nc"
"file_select","co2_omp_surface-insitu_68_allhours.nc"
"file_select","co2_omt_surface-insitu_68_allhours.nc"
"file_select","co2_ong_surface-insitu_68_allhours.nc"
"file_select","co2_osi_tower-insitu_68_allhours.nc"
"file_select","co2_ota_surface-flask_2_representative.nc"
"file_select","co2_owa_surface-insitu_68_allhours.nc"
"file_select","co2_oxk_surface-flask_1_representative.nc"
"file_select","co2_oyq_surface-insitu_68_allhours.nc"
"file_select","co2_pal_surface-flask_1_representative.nc"
"file_select","co2_pdm_surface-flask_11_representative.nc"
"file_select","co2_poc_shipboard-flask_1_representative.nc"
"file_select","co2_prs_surface-insitu_21_allvalid.nc"
"file_select","co2_psa_surface-flask_4_representative.nc"
"file_select","co2_pta_surface-flask_1_representative.nc"
"file_select","co2_puy_surface-insitu_11_allvalid.nc"
"file_select","co2_pv_surface-insitu_115_allhours-200magl.nc"
"file_select","co2_rba_surface-insitu_3_nonlocal.nc"
"file_select","co2_rce_surface-insitu_60_allhours.nc"
"file_select","co2_rgl_tower-insitu_160_allvalid-90magl.nc"
"file_select","co2_rgv_surface-insitu_60_allhours.nc"
"file_select","co2_rk1_surface-flask_426_representative.nc"
"file_select","co2_rkw_surface-insitu_60_allhours.nc"
"file_select","co2_rmm_surface-insitu_60_allhours.nc"
"file_select","co2_rpb_surface-flask_1_representative.nc"
"file_select","co2_rrl_surface-insitu_60_allhours.nc"
"file_select","co2_ryo_surface-insitu_19_representative.nc"
"file_select","co2_sct_surface-pfp_1_allvalid.nc"
"file_select","co2_sdz_surface-flask_1_representative.nc"
"file_select","co2_sey_surface-flask_1_representative.nc"
"file_select","co2_sgp_surface-insitu_64_allvalid-60magl.nc"
"file_select","co2_shm_surface-flask_1_representative.nc"
"file_select","co2_sis_surface-flask_2_representative.nc"
"file_select","co2_smo_surface-insitu_1_allvalid.nc"
"file_select","co2_smr_tower-insitu_421_allvalid-125magl.nc"
"file_select","co2_snp_tower-insitu_1_allvalid-17magl.nc"
"file_select","co2_spl_surface-insitu_3_nonlocal.nc"
"file_select","co2_spo_surface-insitu_1_allvalid.nc"
"file_select","co2_ssc_surface-insitu_431_allvalid.nc"
"file_select","co2_ssl_surface-insitu_107_allvalid.nc"
"file_select","co2_stm_surface-flask_1_representative.nc"
"file_select","co2_str_surface-pfp_1_allvalid.nc"
"file_select","co2_sum_surface-flask_1_representative.nc"
"file_select","co2_syo_surface-insitu_8_representative.nc"
"file_select","co2_tac_surface-flask_1_representative.nc"
"file_select","co2_tap_surface-flask_1_representative.nc"
"file_select","co2_thd_surface-flask_1_representative.nc"
"file_select","co2_tik_surface-flask_1_representative.nc"
"file_select","co2_tpd_surface-insitu_6_allvalid.nc"
"file_select","co2_tta_tower-insitu_160_allvalid-222magl.nc"
"file_select","co2_ush_surface-flask_1_representative.nc"
"file_select","co2_uta_surface-flask_1_representative.nc"
"file_select","co2_utdbk_tower-insitu_432_allvalid.nc"
"file_select","co2_utmsa_tower-insitu_432_allvalid.nc"
"file_select","co2_utmur_tower-insitu_432_allvalid.nc"
"file_select","co2_utrpk_tower-insitu_432_allvalid.nc"
"file_select","co2_utsug_tower-insitu_432_allvalid.nc"
"file_select","co2_utuou_tower-insitu_432_allvalid.nc"
"file_select","co2_uum_surface-flask_1_representative.nc"
"file_select","co2_vac_surface-insitu_431_allvalid.nc"
"file_select","co2_wao_surface-insitu_13_allvalid.nc"
"file_select","co2_wbi_surface-pfp_1_allvalid.nc"
"file_select","co2_wgc_surface-pfp_1_allvalid.nc"
"file_select","co2_wis_surface-flask_1_representative.nc"
"file_select","co2_wkt_surface-pfp_1_allvalid.nc"
"file_select","co2_wlg_surface-flask_1_representative.nc"
"file_select","co2_wpc_shipboard-flask_1_representative.nc"
"file_select","co2_wsa_surface-insitu_6_allvalid.nc"
"file_select","co2_xic_surface-insitu_431_allvalid.nc"
"file_select","co2_yon_surface-insitu_19_representative.nc"
"file_select","co2_zep_surface-insitu_56_allvalid.nc"
